folder,file,indent_depth,force,modulus,hertzfactor,contactpointindex,bestcontactpointrms,contactpointposition,indent_time,x,y,setpoint_N,setpoint_V,sensitivity,springconstant,beadradius,animal,orient,setpoint,speed,condition,stage,x_image,y_image,roi,beta_pyforce,k0_pyforce,k_pyforce,pix_per_m
D:\Niklas\data\TO DO\4_To plot\2024_06_07_#3_stage37.5_WT\files and labfile,force-save-2024.06.07-15.00.56.186.mat,3.14E-06,1.00E-08,312.2957,1.7977,4660,1.65E-18,5.45E-05,0.1725,-0.0028055,0.003499,1.00E-08,4.183767818,7.24E-08,0.033,1.86E-05,3,,NaN,NaN,WT,37.5,805.3407932,890.3418566,0,0.118431398,345.1303244,259.1803534,839142.63
D:\Niklas\data\TO DO\4_To plot\2024_06_07_#3_stage37.5_WT\files and labfile,force-save-2024.06.07-15.01.17.273.mat,1.47E-05,1.00E-08,32.5241,0.18723,6482,7.13E-17,3.60E-05,0.7505,-0.0028299,0.0034938,1.00E-08,4.183767818,7.24E-08,0.033,1.86E-05,3,,NaN,NaN,WT,37.5,805.3282002,911.3575018,0,NaN,NaN,NaN,839142.63
D:\Niklas\data\TO DO\4_To plot\2024_06_07_#3_stage37.5_WT\files and labfile,force-save-2024.06.07-15.01.32.211.mat,4.94E-06,9.99E-09,158.0849,0.91002,5565,1.75E-18,4.55E-05,0.2625,-0.0028544,0.0034886,1.00E-08,4.183767818,7.24E-08,0.033,1.86E-05,3,,NaN,NaN,WT,37.5,805.2981133,932.4563854,0,0.081869701,187.3383986,137.120193,839142.63
D:\Niklas\data\TO DO\4_To plot\2024_06_07_#3_stage37.5_WT\files and labfile,force-save-2024.06.07-15.01.45.761.mat,5.73E-06,9.99E-09,127.6746,0.73496,2809,8.66E-19,7.31E-05,0.302,-0.0028788,0.0034833,1.00E-08,4.183767818,7.24E-08,0.033,1.86E-05,3,,NaN,NaN,WT,37.5,805.3673651,953.4855975,0,0.198417089,144.0149607,113.9258968,839142.63
D:\Niklas\data\TO DO\4_To plot\2024_06_07_#3_stage37.5_WT\files and labfile,force-save-2024.06.07-15.02.08.913.mat,1.01E-05,9.97E-09,55.4166,0.31901,4248,9.00E-17,5.87E-05,0.52,-0.0029033,0.0034781,1.00E-08,4.183767818,7.24E-08,0.033,1.86E-05,3,,NaN,NaN,WT,37.5,805.3372783,974.5844811,0,0.153868174,64.50414214,55.64762811,839142.63
D:\Niklas\data\TO DO\4_To plot\2024_06_07_#3_stage37.5_WT\files and labfile,force-save-2024.06.07-15.02.30.791.mat,4.83E-06,1.01E-08,167.5279,0.96438,8000,1.11E-17,2.08E-05,0.2575,-0.0029277,0.0034729,1.00E-08,4.183767818,7.24E-08,0.033,1.86E-05,3,,NaN,NaN,WT,37.5,805.3246853,995.6001263,0,0.115721319,186.9678094,166.3194922,839142.63
D:\Niklas\data\TO DO\4_To plot\2024_06_07_#3_stage37.5_WT\files and labfile,force-save-2024.06.07-15.02.47.280.mat,4.28E-06,1.00E-08,196.3348,1.1302,7622,9.85E-19,2.49E-05,0.2295,-0.0029521,0.0034677,1.00E-08,4.183767818,7.24E-08,0.033,1.86E-05,3,,NaN,NaN,WT,37.5,805.3120923,1016.615771,0,0.169030795,219.6730545,193.5185689,839142.63
D:\Niklas\data\TO DO\4_To plot\2024_06_07_#3_stage37.5_WT\files and labfile,force-save-2024.06.07-15.03.02.328.mat,3.62E-06,1.00E-08,252.8836,1.4557,5052,1.15E-18,5.06E-05,0.1965,-0.0029766,0.0034624,1.00E-08,4.183767818,7.24E-08,0.033,1.86E-05,3,,NaN,NaN,WT,37.5,805.3638502,1037.728222,0,0.130333891,295.9795954,231.3067295,839142.63
D:\Niklas\data\TO DO\4_To plot\2024_06_07_#3_stage37.5_WT\files and labfile,force-save-2024.06.07-15.03.21.011.mat,2.80E-06,1.00E-08,369.9172,2.1294,5208,4.65E-19,4.89E-05,0.1555,-0.0030744,0.0034415,1.00E-08,4.183767818,7.24E-08,0.033,1.86E-05,3,,NaN,NaN,WT,37.5,805.3603353,1121.970846,0,0.154354251,406.8091847,339.4245458,839142.63
D:\Niklas\data\TO DO\4_To plot\2024_06_07_#3_stage37.5_WT\files and labfile,force-save-2024.06.07-15.03.35.853.mat,3.38E-06,1.00E-08,286.32,1.6482,4981,2.41E-18,5.14E-05,0.1845,-0.0030988,0.0034363,1.00E-08,4.183767818,7.24E-08,0.033,1.86E-05,3,,NaN,NaN,WT,37.5,805.3477423,1142.986492,0,0.224009906,276.737948,283.1371177,839142.63
D:\Niklas\data\TO DO\4_To plot\2024_06_07_#3_stage37.5_WT\files and labfile,force-save-2024.06.07-15.03.50.886.mat,3.65E-06,9.97E-09,245.6794,1.4143,5282,9.80E-19,4.84E-05,0.198,-0.0031437,0.0034012,1.00E-08,4.183767818,7.24E-08,0.033,1.86E-05,3,,NaN,NaN,WT,37.5,826.2204771,1185.122533,0,0.120966694,289.1719353,224.7678124,839142.63
D:\Niklas\data\TO DO\4_To plot\2024_06_07_#3_stage37.5_WT\files and labfile,force-save-2024.06.07-15.04.04.168.mat,2.84E-06,9.98E-09,368.2905,2.1201,4242,1.19E-18,5.88E-05,0.1575,-0.0031193,0.0034064,1.00E-08,4.183767818,7.24E-08,0.033,1.86E-05,3,,NaN,NaN,WT,37.5,826.2330701,1164.106887,0,0.209098884,368.5147902,360.8522343,839142.63
D:\Niklas\data\TO DO\4_To plot\2024_06_07_#3_stage37.5_WT\files and labfile,force-save-2024.06.07-15.04.18.932.mat,2.68E-06,1.01E-08,401.0194,2.3085,4806,1.18E-18,5.32E-05,0.1495,-0.0030948,0.0034116,1.00E-08,4.183767818,7.24E-08,0.033,1.86E-05,3,,NaN,NaN,WT,37.5,826.263157,1143.008004,0,0.202219015,407.6393144,388.8812515,839142.63
D:\Niklas\data\TO DO\4_To plot\2024_06_07_#3_stage37.5_WT\files and labfile,force-save-2024.06.07-15.04.32.655.mat,2.94E-06,1.00E-08,348.7578,2.0076,5283,6.20E-19,4.84E-05,0.1625,-0.0030704,0.0034168,1.00E-08,4.183767818,7.24E-08,0.033,1.86E-05,3,,NaN,NaN,WT,37.5,826.2757499,1121.992359,0,0.182963049,373.9845808,338.0890682,839142.63
D:\Niklas\data\TO DO\4_To plot\2024_06_07_#3_stage37.5_WT\files and labfile,force-save-2024.06.07-15.04.47.021.mat,4.45E-06,1.00E-08,185.3367,1.0669,4911,3.86E-19,5.22E-05,0.238,-0.0030459,0.0034221,1.00E-08,4.183767818,7.24E-08,0.033,1.86E-05,3,,NaN,NaN,WT,37.5,826.2239921,1100.879908,0,0.200938293,205.6660878,167.6568528,839142.63
D:\Niklas\data\TO DO\4_To plot\2024_06_07_#3_stage37.5_WT\files and labfile,force-save-2024.06.07-15.05.02.395.mat,8.53E-06,1.00E-08,70.0452,0.40322,5453,2.16E-18,4.68E-05,0.442,-0.0030215,0.0034273,1.00E-08,4.183767818,7.24E-08,0.033,1.86E-05,3,,NaN,NaN,WT,37.5,826.236585,1079.864263,0,0.174478982,87.56024811,64.09129425,839142.63
D:\Niklas\data\TO DO\4_To plot\2024_06_07_#3_stage37.5_WT\files and labfile,force-save-2024.06.07-15.05.17.199.mat,5.68E-06,1.00E-08,127.6411,0.73477,5519,3.15E-18,4.61E-05,0.2995,-0.002997,0.0034325,1.00E-08,4.183767818,7.24E-08,0.033,1.86E-05,3,,NaN,NaN,WT,37.5,826.2666719,1058.765379,0,0.194160939,133.9088162,95.84744443,839142.63
D:\Niklas\data\TO DO\4_To plot\2024_06_07_#3_stage37.5_WT\files and labfile,force-save-2024.06.07-15.05.48.942.mat,2.86E-06,1.00E-08,359.5333,2.0697,6090,1.11E-17,4.02E-05,0.1585,-0.0029481,0.003443,1.00E-08,4.183767818,7.24E-08,0.033,1.86E-05,3,,NaN,NaN,WT,37.5,826.227507,1016.637284,0,0.14746134,397.8720117,343.8983157,839142.63
D:\Niklas\data\TO DO\4_To plot\2024_06_07_#3_stage37.5_WT\files and labfile,force-save-2024.06.07-15.06.04.169.mat,3.26E-06,1.00E-08,302.9041,1.7437,5461,3.71E-18,4.65E-05,0.1785,-0.0029237,0.0034482,1.00E-08,4.183767818,7.24E-08,0.033,1.86E-05,3,,NaN,NaN,WT,37.5,826.2400999,995.6216385,0,0.141390446,319.3201792,298.9202729,839142.63
D:\Niklas\data\TO DO\4_To plot\2024_06_07_#3_stage37.5_WT\files and labfile,force-save-2024.06.07-15.06.19.015.mat,4.24E-06,1.00E-08,202.823,1.1676,5690,2.95E-18,4.43E-05,0.2275,-0.0028992,0.0034534,1.00E-08,4.183767818,7.24E-08,0.033,1.86E-05,3,,NaN,NaN,WT,37.5,826.2701868,974.522755,0,0.196977028,210.4426722,201.9755607,839142.63
D:\Niklas\data\TO DO\4_To plot\2024_06_07_#3_stage37.5_WT\files and labfile,force-save-2024.06.07-15.06.51.570.mat,4.45E-06,1.00E-08,183.4825,1.0562,8071,7.98E-19,2.05E-05,0.238,-0.0028503,0.0034639,1.00E-08,4.183767818,7.24E-08,0.033,1.86E-05,3,,NaN,NaN,WT,37.5,826.2310219,932.3946592,0,0.177961385,204.2809392,160.738467,839142.63
D:\Niklas\data\TO DO\4_To plot\2024_06_07_#3_stage37.5_WT\files and labfile,force-save-2024.06.07-15.07.08.023.mat,3.78E-06,1.00E-08,235.3258,1.3547,7043,1.78E-18,3.07E-05,0.2045,-0.0028259,0.0034691,1.00E-08,4.183767818,7.24E-08,0.033,1.86E-05,3,,NaN,NaN,WT,37.5,826.2436149,911.379014,0,0.116208763,259.5637521,198.6035168,839142.63
D:\Niklas\data\TO DO\4_To plot\2024_06_07_#3_stage37.5_WT\files and labfile,force-save-2024.06.07-15.07.23.132.mat,6.94E-06,1.00E-08,96.9798,0.55827,6384,6.20E-17,3.73E-05,0.3625,-0.0028014,0.0034743,1.00E-08,4.183767818,7.24E-08,0.033,1.86E-05,3,,NaN,NaN,WT,37.5,826.2737018,890.2801305,0,0.064076131,56.82035633,32.3636563,839142.63
D:\Niklas\data\TO DO\4_To plot\2024_06_07_#3_stage37.5_WT\files and labfile,force-save-2024.06.07-15.07.38.266.mat,8.02E-06,1.00E-08,75.4521,0.43434,5993,2.64E-18,4.12E-05,0.4165,-0.002777,0.0034796,1.00E-08,4.183767818,7.24E-08,0.033,1.86E-05,3,,NaN,NaN,WT,37.5,826.20445,869.2509183,0,0.111483288,93.40464342,64.89090052,839142.63
D:\Niklas\data\TO DO\4_To plot\2024_06_07_#3_stage37.5_WT\files and labfile,force-save-2024.06.07-15.07.52.191.mat,3.77E-06,1.00E-08,241.1548,1.3882,3605,4.97E-18,6.51E-05,0.204,-0.0027485,0.0034601,1.00E-08,4.183767818,7.24E-08,0.033,1.86E-05,3,,NaN,NaN,WT,37.5,847.1499515,848.173547,0,0.096020005,275.0143911,201.749116,839142.63
D:\Niklas\data\TO DO\4_To plot\2024_06_07_#3_stage37.5_WT\files and labfile,force-save-2024.06.07-15.08.05.990.mat,1.90E-06,1.00E-08,659.7307,3.7978,3595,5.63E-19,6.53E-05,0.1105,-0.002773,0.0034549,1.00E-08,4.183767818,7.24E-08,0.033,1.86E-05,3,,NaN,NaN,WT,37.5,847.1198646,869.2724305,0,0.128018129,657.3328271,578.0017659,839142.63
D:\Niklas\data\TO DO\4_To plot\2024_06_07_#3_stage37.5_WT\files and labfile,force-save-2024.06.07-15.08.29.813.mat,3.62E-06,1.00E-08,249.9242,1.4387,7443,1.36E-18,2.67E-05,0.1965,-0.0027974,0.0034497,1.00E-08,4.183767818,7.24E-08,0.033,1.86E-05,3,,NaN,NaN,WT,37.5,847.1072716,890.2880757,0,0.118012011,286.6690856,218.5468032,839142.63
D:\Niklas\data\TO DO\4_To plot\2024_06_07_#3_stage37.5_WT\files and labfile,force-save-2024.06.07-15.08.52.291.mat,3.14E-06,1.01E-08,304.8373,1.7548,8285,7.27E-18,1.77E-05,0.173,-0.0028219,0.0034444,1.00E-08,4.183767818,7.24E-08,0.033,1.86E-05,3,,NaN,NaN,WT,37.5,847.1590295,911.4005263,0,0.178217077,340.0516793,322.0960018,839142.63
D:\Niklas\data\TO DO\4_To plot\2024_06_07_#3_stage37.5_WT\files and labfile,force-save-2024.06.07-15.09.07.610.mat,4.92E-06,1.00E-08,158.9857,0.91521,6600,1.22E-18,3.51E-05,0.2615,-0.0028463,0.0034392,1.00E-08,4.183767818,7.24E-08,0.033,1.86E-05,3,,NaN,NaN,WT,37.5,847.1464366,932.4161715,0,0.151817783,184.5526325,144.9799572,839142.63
D:\Niklas\data\TO DO\4_To plot\2024_06_07_#3_stage37.5_WT\files and labfile,force-save-2024.06.07-15.09.29.533.mat,4.31E-06,1.01E-08,197.909,1.1393,8105,2.19E-18,1.98E-05,0.2315,-0.0028708,0.003434,1.00E-08,4.183767818,7.24E-08,0.033,1.86E-05,3,,NaN,NaN,WT,37.5,847.1163497,953.515055,0,0.174369826,219.9912606,195.8742256,839142.63
D:\Niklas\data\TO DO\4_To plot\2024_06_07_#3_stage37.5_WT\files and labfile,force-save-2024.06.07-15.09.45.850.mat,3.53E-06,1.00E-08,262.0457,1.5085,6836,7.16E-19,3.28E-05,0.192,-0.0028952,0.0034288,1.00E-08,4.183767818,7.24E-08,0.033,1.86E-05,3,,NaN,NaN,WT,37.5,847.1037567,974.5307002,0,0.135732723,296.3185017,240.7198467,839142.63
D:\Niklas\data\TO DO\4_To plot\2024_06_07_#3_stage37.5_WT\files and labfile,force-save-2024.06.07-15.10.00.321.mat,3.59E-06,1.00E-08,257.3528,1.4815,3829,4.25E-19,6.29E-05,0.195,-0.0029197,0.0034235,1.00E-08,4.183767818,7.24E-08,0.033,1.86E-05,3,,NaN,NaN,WT,37.5,847.1555146,995.6431508,0,0.147474829,291.6381127,245.9246087,839142.63
D:\Niklas\data\TO DO\4_To plot\2024_06_07_#3_stage37.5_WT\files and labfile,force-save-2024.06.07-15.10.13.433.mat,5.76E-06,1.00E-08,125.0778,0.72002,3455,1.19E-18,6.67E-05,0.3035,-0.0029441,0.0034183,1.00E-08,4.183767818,7.24E-08,0.033,1.86E-05,3,,NaN,NaN,WT,37.5,847.1429216,1016.658796,0,0.159697349,149.5122237,120.9413924,839142.63
D:\Niklas\data\TO DO\4_To plot\2024_06_07_#3_stage37.5_WT\files and labfile,force-save-2024.06.07-15.10.33.820.mat,7.46E-06,1.01E-08,86.3041,0.49681,7490,2.18E-18,2.60E-05,0.389,-0.0029686,0.0034131,1.00E-08,4.183767818,7.24E-08,0.033,1.86E-05,3,,NaN,NaN,WT,37.5,847.1128347,1037.757679,0,0.245744371,102.8219349,83.19265605,839142.63
D:\Niklas\data\TO DO\4_To plot\2024_06_07_#3_stage37.5_WT\files and labfile,force-save-2024.06.07-15.10.48.497.mat,3.53E-06,1.00E-08,259.4904,1.4938,6653,9.47E-19,3.46E-05,0.192,-0.002993,0.0034079,1.00E-08,4.183767818,7.24E-08,0.033,1.86E-05,3,,NaN,NaN,WT,37.5,847.1002418,1058.773325,0,0.19344711,285.769523,240.2992328,839142.63
D:\Niklas\data\TO DO\4_To plot\2024_06_07_#3_stage37.5_WT\files and labfile,force-save-2024.06.07-15.11.02.326.mat,3.47E-06,9.97E-09,266.2755,1.5328,3690,5.29E-19,6.43E-05,0.189,-0.0030174,0.0034026,1.00E-08,4.183767818,7.24E-08,0.033,1.86E-05,3,,NaN,NaN,WT,37.5,847.1694936,1079.802537,0,0.174128718,278.1156319,232.7435634,839142.63
D:\Niklas\data\TO DO\4_To plot\2024_06_07_#3_stage37.5_WT\files and labfile,force-save-2024.06.07-15.11.15.531.mat,5.52E-06,1.00E-08,131.707,0.75818,3043,1.87E-18,7.08E-05,0.2915,-0.0030419,0.0033974,1.00E-08,4.183767818,7.24E-08,0.033,1.86E-05,3,,NaN,NaN,WT,37.5,847.1394067,1100.90142,0,0.167311258,137.9357578,100.3457254,839142.63
D:\Niklas\data\TO DO\4_To plot\2024_06_07_#3_stage37.5_WT\files and labfile,force-save-2024.06.07-15.11.39.048.mat,8.50E-06,9.99E-09,70.1822,0.40401,6467,1.04E-18,3.65E-05,0.4405,-0.0030663,0.0033922,1.00E-08,4.183767818,7.24E-08,0.033,1.86E-05,3,,NaN,NaN,WT,37.5,847.1268138,1121.917066,0,0.184496284,80.04901677,53.8907481,839142.63
D:\Niklas\data\TO DO\4_To plot\2024_06_07_#3_stage37.5_WT\files and labfile,force-save-2024.06.07-15.11.53.706.mat,8.97E-06,1.00E-08,62.6811,0.36083,3877,6.17E-18,6.24E-05,0.464,-0.0030908,0.0033869,1.00E-08,4.183767818,7.24E-08,0.033,1.86E-05,3,,NaN,NaN,WT,37.5,847.1785716,1143.029516,0,0.141303519,72.70948169,47.20621436,839142.63
D:\Niklas\data\TO DO\4_To plot\2024_06_07_#3_stage37.5_WT\files and labfile,force-save-2024.06.07-15.12.25.306.mat,4.60E-06,1.00E-08,172.8912,0.99526,6258,5.28E-18,3.87E-05,0.2455,-0.0031397,0.0033765,1.00E-08,4.183767818,7.24E-08,0.033,1.86E-05,3,,NaN,NaN,WT,37.5,847.1358918,1185.144045,0,0.099048496,138.6422396,87.54070456,839142.63
D:\Niklas\data\TO DO\4_To plot\2024_06_07_#3_stage37.5_WT\files and labfile,force-save-2024.06.07-15.12.41.120.mat,8.97E-06,1.00E-08,66.3398,0.38189,6834,1.10E-17,3.29E-05,0.464,-0.0031641,0.0033713,1.00E-08,4.183767818,7.24E-08,0.033,1.86E-05,3,,NaN,NaN,WT,37.5,847.1232988,1206.15969,0,0.142402707,84.89981412,62.95385469,839142.63
D:\Niklas\data\TO DO\4_To plot\2024_06_07_#3_stage37.5_WT\files and labfile,force-save-2024.06.07-15.12.57.244.mat,3.16E-06,1.00E-08,309.8058,1.7834,8169,1.25E-18,1.96E-05,0.1735,-0.0031846,0.0033414,1.00E-08,4.183767818,7.24E-08,0.033,1.86E-05,3,,NaN,NaN,WT,37.5,868.0086266,1227.280086,0,0.141987221,337.6530295,266.44866,839142.63
D:\Niklas\data\TO DO\4_To plot\2024_06_07_#3_stage37.5_WT\files and labfile,force-save-2024.06.07-15.13.18.360.mat,3.95E-06,1.02E-08,227.7715,1.3112,8072,3.58E-18,2.01E-05,0.2135,-0.0031601,0.0033466,1.00E-08,4.183767818,7.24E-08,0.033,1.86E-05,3,,NaN,NaN,WT,37.5,868.0387135,1206.181202,0,0.143571588,259.8776776,218.509377,839142.63
D:\Niklas\data\TO DO\4_To plot\2024_06_07_#3_stage37.5_WT\files and labfile,force-save-2024.06.07-15.13.33.704.mat,2.96E-06,1.00E-08,340.7019,1.9613,6373,1.08E-18,3.75E-05,0.1635,-0.0031357,0.0033518,1.00E-08,4.183767818,7.24E-08,0.033,1.86E-05,3,,NaN,NaN,WT,37.5,868.0513064,1185.165557,0,0.159560476,365.1926328,312.1542669,839142.63
D:\Niklas\data\TO DO\4_To plot\2024_06_07_#3_stage37.5_WT\files and labfile,force-save-2024.06.07-15.13.56.776.mat,6.14E-06,1.01E-08,115.7553,0.66635,7752,2.99E-18,2.32E-05,0.323,-0.0031112,0.003357,1.00E-08,4.183767818,7.24E-08,0.033,1.86E-05,3,,NaN,NaN,WT,37.5,868.0813933,1164.066674,0,0.166469371,135.9209867,100.0126937,839142.63
D:\Niklas\data\TO DO\4_To plot\2024_06_07_#3_stage37.5_WT\files and labfile,force-save-2024.06.07-15.14.12.905.mat,6.14E-06,1.00E-08,112.8194,0.64945,6760,3.34E-18,3.37E-05,0.3225,-0.0030868,0.0033623,1.00E-08,4.183767818,7.24E-08,0.033,1.86E-05,3,,NaN,NaN,WT,37.5,868.0121415,1143.037461,0,0.153486572,119.4238887,81.09141805,839142.63
D:\Niklas\data\TO DO\4_To plot\2024_06_07_#3_stage37.5_WT\files and labfile,force-save-2024.06.07-15.14.28.273.mat,6.34E-06,1.00E-08,105.387,0.60666,4815,6.01E-18,5.31E-05,0.3325,-0.0030623,0.0033675,1.00E-08,4.183767818,7.24E-08,0.033,1.86E-05,3,,NaN,NaN,WT,37.5,868.0422284,1121.938578,0,0.157872921,116.6107472,78.98248235,839142.63
D:\Niklas\data\TO DO\4_To plot\2024_06_07_#3_stage37.5_WT\files and labfile,force-save-2024.06.07-15.14.43.368.mat,4.87E-06,1.00E-08,162.0722,0.93298,5976,4.93E-19,4.15E-05,0.259,-0.0030379,0.0033727,1.00E-08,4.183767818,7.24E-08,0.033,1.86E-05,3,,NaN,NaN,WT,37.5,868.0548214,1100.922933,0,0.181794705,182.3077217,152.1869213,839142.63
D:\Niklas\data\TO DO\4_To plot\2024_06_07_#3_stage37.5_WT\files and labfile,force-save-2024.06.07-15.14.58.147.mat,2.83E-06,1.00E-08,364.8968,2.1005,6166,5.90E-19,3.96E-05,0.157,-0.0030134,0.003378,1.00E-08,4.183767818,7.24E-08,0.033,1.86E-05,3,,NaN,NaN,WT,37.5,868.0030635,1079.810482,0,0.17588456,375.0047973,335.6271253,839142.63
D:\Niklas\data\TO DO\4_To plot\2024_06_07_#3_stage37.5_WT\files and labfile,force-save-2024.06.07-15.15.13.403.mat,3.51E-06,1.00E-08,262.8124,1.5129,5931,4.60E-19,4.20E-05,0.191,-0.002989,0.0033832,1.00E-08,4.183767818,7.24E-08,0.033,1.86E-05,3,,NaN,NaN,WT,37.5,868.0156564,1058.794837,0,0.170752507,284.8448539,235.5705336,839142.63
D:\Niklas\data\TO DO\4_To plot\2024_06_07_#3_stage37.5_WT\files and labfile,force-save-2024.06.07-15.15.28.374.mat,4.68E-06,9.99E-09,170.3119,0.98041,6144,8.68E-19,3.99E-05,0.2495,-0.0029645,0.0033884,1.00E-08,4.183767818,7.24E-08,0.033,1.86E-05,3,,NaN,NaN,WT,37.5,868.0457433,1037.695953,0,0.152009301,192.5158275,150.5267099,839142.63
D:\Niklas\data\TO DO\4_To plot\2024_06_07_#3_stage37.5_WT\files and labfile,force-save-2024.06.07-15.15.43.208.mat,5.90E-06,1.00E-08,118.9714,0.68486,5748,3.22E-18,4.38E-05,0.3105,-0.0029401,0.0033936,1.00E-08,4.183767818,7.24E-08,0.033,1.86E-05,3,,NaN,NaN,WT,37.5,868.0583363,1016.680308,0,0.147108042,134.9021786,97.34276528,839142.63
D:\Niklas\data\TO DO\4_To plot\2024_06_07_#3_stage37.5_WT\files and labfile,force-save-2024.06.07-15.15.58.740.mat,3.47E-06,1.00E-08,268.5409,1.5459,6429,3.87E-19,3.70E-05,0.189,-0.0029156,0.0033989,1.00E-08,4.183767818,7.24E-08,0.033,1.86E-05,3,,NaN,NaN,WT,37.5,868.0065784,995.5678576,0,0.159953019,299.5840182,256.5767414,839142.63
D:\Niklas\data\TO DO\4_To plot\2024_06_07_#3_stage37.5_WT\files and labfile,force-save-2024.06.07-15.16.14.382.mat,3.95E-06,1.00E-08,223.6732,1.2876,6115,1.20E-18,4.02E-05,0.213,-0.0028912,0.0034041,1.00E-08,4.183767818,7.24E-08,0.033,1.86E-05,3,,NaN,NaN,WT,37.5,868.0191714,974.5522124,0,0.18209011,235.5069989,222.4177774,839142.63
D:\Niklas\data\TO DO\4_To plot\2024_06_07_#3_stage37.5_WT\files and labfile,force-save-2024.06.07-15.16.29.956.mat,4.16E-06,1.00E-08,205.2738,1.1817,6212,1.04E-18,3.92E-05,0.224,-0.0028667,0.0034093,1.00E-08,4.183767818,7.24E-08,0.033,1.86E-05,3,,NaN,NaN,WT,37.5,868.0492583,953.4533289,0,0.203458273,219.9939413,201.879635,839142.63
D:\Niklas\data\TO DO\4_To plot\2024_06_07_#3_stage37.5_WT\files and labfile,force-save-2024.06.07-15.16.46.279.mat,5.13E-06,1.00E-08,150.785,0.868,7292,2.58E-18,2.85E-05,0.272,-0.0028423,0.0034145,1.00E-08,4.183767818,7.24E-08,0.033,1.86E-05,3,,NaN,NaN,WT,37.5,868.0618512,932.4376837,0,0.198662345,164.5405919,149.6806443,839142.63
D:\Niklas\data\TO DO\4_To plot\2024_06_07_#3_stage37.5_WT\files and labfile,force-save-2024.06.07-15.17.01.990.mat,4.22E-06,1.00E-08,197.7314,1.1382,7342,1.28E-18,2.79E-05,0.2265,-0.0028178,0.0034198,1.00E-08,4.183767818,7.24E-08,0.033,1.86E-05,3,,NaN,NaN,WT,37.5,868.0100933,911.3252332,0,0.153809013,227.7130095,189.3587052,839142.63
D:\Niklas\data\TO DO\4_To plot\2024_06_07_#3_stage37.5_WT\files and labfile,force-save-2024.06.07-15.17.17.123.mat,2.47E-06,1.00E-08,442.6349,2.548,6675,2.12E-18,3.46E-05,0.1395,-0.0027934,0.003425,1.00E-08,4.183767818,7.24E-08,0.033,1.86E-05,3,,NaN,NaN,WT,37.5,868.0226863,890.309588,0,0.154426099,462.9297631,422.3565014,839142.63
D:\Niklas\data\TO DO\4_To plot\2024_06_07_#3_stage37.5_WT\files and labfile,force-save-2024.06.07-15.17.32.071.mat,3.00E-06,1.01E-08,329.1854,1.895,5932,4.13E-18,4.20E-05,0.1655,-0.0027689,0.0034302,1.00E-08,4.183767818,7.24E-08,0.033,1.86E-05,3,,NaN,NaN,WT,37.5,868.0527732,869.2107044,0,0.095773425,298.1136571,210.6296959,839142.63
D:\Niklas\data\TO DO\4_To plot\2024_06_07_#3_stage37.5_WT\files and labfile,force-save-2024.06.07-15.17.45.611.mat,6.01E-06,1.00E-08,118.5354,0.68235,4135,6.68E-19,6.00E-05,0.316,-0.0027445,0.0034354,1.00E-08,4.183767818,7.24E-08,0.033,1.86E-05,3,,NaN,NaN,WT,37.5,868.0653661,848.1950592,0,0.202321173,136.9168224,102.5223949,839142.63
D:\Niklas\data\TO DO\4_To plot\2024_06_07_#3_stage37.5_WT\files and labfile,force-save-2024.06.07-15.18.16.659.mat,5.15E-06,1.00E-08,146.281,0.84207,5871,2.99E-18,4.27E-05,0.273,-0.0026916,0.0034212,1.00E-08,4.183767818,7.24E-08,0.033,1.86E-05,3,,NaN,NaN,WT,37.5,888.9416159,806.0884757,0,0.081735354,159.6243258,112.8124993,839142.63
D:\Niklas\data\TO DO\4_To plot\2024_06_07_#3_stage37.5_WT\files and labfile,force-save-2024.06.07-15.18.37.123.mat,6.99E-06,9.97E-09,93.2031,0.53653,7699,1.92E-17,2.40E-05,0.365,-0.002716,0.003416,1.00E-08,4.183767818,7.24E-08,0.033,1.86E-05,3,,NaN,NaN,WT,37.5,888.9290229,827.1041209,0,NaN,NaN,NaN,839142.63
D:\Niklas\data\TO DO\4_To plot\2024_06_07_#3_stage37.5_WT\files and labfile,force-save-2024.06.07-15.18.52.964.mat,3.64E-06,1.00E-08,254.9392,1.4676,7652,4.46E-18,2.48E-05,0.198,-0.0027405,0.0034108,1.00E-08,4.183767818,7.24E-08,0.033,1.86E-05,3,,NaN,NaN,WT,37.5,888.898936,848.2030045,0,0.22342905,247.9284389,252.5890722,839142.63
D:\Niklas\data\TO DO\4_To plot\2024_06_07_#3_stage37.5_WT\files and labfile,force-save-2024.06.07-15.19.08.042.mat,2.08E-06,1.00E-08,587.1232,3.3798,5332,3.52E-19,4.80E-05,0.1195,-0.0027649,0.0034055,1.00E-08,4.183767818,7.24E-08,0.033,1.86E-05,3,,NaN,NaN,WT,37.5,888.9681878,869.2322166,0,0.125970063,601.7685925,537.6047105,839142.63
D:\Niklas\data\TO DO\4_To plot\2024_06_07_#3_stage37.5_WT\files and labfile,force-save-2024.06.07-15.19.22.311.mat,2.48E-06,1.00E-08,445.4286,2.5641,3989,2.71E-19,6.15E-05,0.1395,-0.0027894,0.0034003,1.00E-08,4.183767818,7.24E-08,0.033,1.86E-05,3,,NaN,NaN,WT,37.5,888.9381009,890.3311002,0,0.191377439,431.1112387,398.9302093,839142.63
D:\Niklas\data\TO DO\4_To plot\2024_06_07_#3_stage37.5_WT\files and labfile,force-save-2024.06.07-15.19.42.520.mat,3.12E-06,1.01E-08,307.3211,1.7691,8233,7.69E-18,1.86E-05,0.172,-0.0028138,0.0033951,1.00E-08,4.183767818,7.24E-08,0.033,1.86E-05,3,,NaN,NaN,WT,37.5,888.925508,911.3467454,0,0.160961788,314.1944993,263.292164,839142.63
D:\Niklas\data\TO DO\4_To plot\2024_06_07_#3_stage37.5_WT\files and labfile,force-save-2024.06.07-15.19.58.052.mat,3.99E-06,1.00E-08,219.2987,1.2624,6522,1.06E-17,3.61E-05,0.215,-0.0028383,0.0033899,1.00E-08,4.183767818,7.24E-08,0.033,1.86E-05,3,,NaN,NaN,WT,37.5,888.8954211,932.4456289,0,0.255732587,229.5209423,215.237977,839142.63
D:\Niklas\data\TO DO\4_To plot\2024_06_07_#3_stage37.5_WT\files and labfile,force-save-2024.06.07-15.20.19.354.mat,3.13E-06,1.01E-08,302.398,1.7408,8251,1.31E-17,1.84E-05,0.1725,-0.0028627,0.0033846,1.00E-08,4.183767818,7.24E-08,0.033,1.86E-05,3,,NaN,NaN,WT,37.5,888.9646729,953.4748411,0,0.141921403,372.7574604,327.4406329,839142.63
D:\Niklas\data\TO DO\4_To plot\2024_06_07_#3_stage37.5_WT\files and labfile,force-save-2024.06.07-15.20.35.065.mat,3.02E-06,1.00E-08,334.4314,1.9252,7145,6.04E-19,2.99E-05,0.1665,-0.0028872,0.0033794,1.00E-08,4.183767818,7.24E-08,0.033,1.86E-05,3,,NaN,NaN,WT,37.5,888.934586,974.5737247,0,0.177864667,346.3765314,324.8410525,839142.63
D:\Niklas\data\TO DO\4_To plot\2024_06_07_#3_stage37.5_WT\files and labfile,force-save-2024.06.07-15.20.49.069.mat,3.45E-06,9.99E-09,271.1878,1.5611,3658,3.30E-19,6.48E-05,0.188,-0.0029116,0.0033742,1.00E-08,4.183767818,7.24E-08,0.033,1.86E-05,3,,NaN,NaN,WT,37.5,888.9219931,995.5893699,0,0.132672274,300.5268044,244.5916973,839142.63
D:\Niklas\data\TO DO\4_To plot\2024_06_07_#3_stage37.5_WT\files and labfile,force-save-2024.06.07-15.21.09.761.mat,5.57E-06,1.01E-08,135.3162,0.77895,7825,3.48E-18,2.30E-05,0.2945,-0.0029361,0.003369,1.00E-08,4.183767818,7.24E-08,0.033,1.86E-05,3,,NaN,NaN,WT,37.5,888.8919062,1016.688253,0,0.235734251,145.8145832,134.7774632,839142.63
D:\Niklas\data\TO DO\4_To plot\2024_06_07_#3_stage37.5_WT\files and labfile,force-save-2024.06.07-15.21.26.138.mat,4.88E-06,1.00E-08,161.014,0.92688,7597,1.24E-18,2.54E-05,0.26,-0.0029605,0.0033637,1.00E-08,4.183767818,7.24E-08,0.033,1.86E-05,3,,NaN,NaN,WT,37.5,888.961158,1037.717466,0,0.204452362,181.2580652,159.827656,839142.63
D:\Niklas\data\TO DO\4_To plot\2024_06_07_#3_stage37.5_WT\files and labfile,force-save-2024.06.07-15.21.40.796.mat,4.02E-06,9.98E-09,213.0463,1.2264,4994,1.58E-18,5.14E-05,0.2165,-0.002985,0.0033585,1.00E-08,4.183767818,7.24E-08,0.033,1.86E-05,3,,NaN,NaN,WT,37.5,888.9310711,1058.816349,0,0.171483011,213.3910383,160.7372313,839142.63
D:\Niklas\data\TO DO\4_To plot\2024_06_07_#3_stage37.5_WT\files and labfile,force-save-2024.06.07-15.21.54.647.mat,3.79E-06,9.97E-09,238.2123,1.3713,3858,2.32E-18,6.28E-05,0.205,-0.0030094,0.0033533,1.00E-08,4.183767818,7.24E-08,0.033,1.86E-05,3,,NaN,NaN,WT,37.5,888.9184781,1079.831994,0,0.208504888,250.1257982,231.5579473,839142.63
D:\Niklas\data\TO DO\4_To plot\2024_06_07_#3_stage37.5_WT\files and labfile,force-save-2024.06.07-15.22.15.091.mat,4.59E-06,1.01E-08,177.6581,1.0227,8007,2.70E-18,2.10E-05,0.2455,-0.0030339,0.0033481,1.00E-08,4.183767818,7.24E-08,0.033,1.86E-05,3,,NaN,NaN,WT,37.5,888.8883912,1100.930878,0,0.192327155,204.720312,175.4635423,839142.63
D:\Niklas\data\TO DO\4_To plot\2024_06_07_#3_stage37.5_WT\files and labfile,force-save-2024.06.07-15.22.30.931.mat,6.58E-06,1.00E-08,100.8593,0.5806,7688,2.26E-18,2.45E-05,0.3445,-0.0030583,0.0033428,1.00E-08,4.183767818,7.24E-08,0.033,1.86E-05,3,,NaN,NaN,WT,37.5,888.9576431,1121.96009,0,0.184206358,122.2910218,89.11137883,839142.63
D:\Niklas\data\TO DO\4_To plot\2024_06_07_#3_stage37.5_WT\files and labfile,force-save-2024.06.07-15.22.45.531.mat,5.14E-06,9.99E-09,144.9336,0.83432,5146,3.06E-17,4.99E-05,0.2725,-0.0030827,0.0033376,1.00E-08,4.183767818,7.24E-08,0.033,1.86E-05,3,,NaN,NaN,WT,37.5,888.9450501,1142.975735,0,0.08229401,72.77282235,35.22942097,839142.63
D:\Niklas\data\TO DO\4_To plot\2024_06_07_#3_stage37.5_WT\files and labfile,force-save-2024.06.07-15.22.59.986.mat,2.60E-06,1.00E-08,410.7407,2.3644,5773,1.23E-18,4.36E-05,0.1455,-0.0031072,0.0033324,1.00E-08,4.183767818,7.24E-08,0.033,1.86E-05,3,,NaN,NaN,WT,37.5,888.9149632,1164.074619,0,0.137818848,298.8289017,224.4831121,839142.63
D:\Niklas\data\TO DO\4_To plot\2024_06_07_#3_stage37.5_WT\files and labfile,force-save-2024.06.07-15.23.15.053.mat,4.33E-06,9.99E-09,189.9469,1.0934,5132,1.02E-18,5.01E-05,0.232,-0.0031316,0.0033271,1.00E-08,4.183767818,7.24E-08,0.033,1.86E-05,3,,NaN,NaN,WT,37.5,888.984215,1185.103831,0,0.188838531,223.7810202,181.3799808,839142.63
D:\Niklas\data\TO DO\4_To plot\2024_06_07_#3_stage37.5_WT\files and labfile,force-save-2024.06.07-15.23.30.002.mat,7.24E-06,1.00E-08,87.7544,0.50516,7033,2.22E-18,3.11E-05,0.3775,-0.0031561,0.0033219,1.00E-08,4.183767818,7.24E-08,0.033,1.86E-05,3,,NaN,NaN,WT,37.5,888.9541281,1206.202715,0,0.141613804,98.60877373,67.13926004,839142.63
D:\Niklas\data\TO DO\4_To plot\2024_06_07_#3_stage37.5_WT\files and labfile,force-save-2024.06.07-15.23.46.247.mat,4.89E-06,9.99E-09,165.2246,0.95112,7637,1.03E-17,2.51E-05,0.26,-0.0031805,0.0033167,1.00E-08,4.183767818,7.24E-08,0.033,1.86E-05,3,,NaN,NaN,WT,37.5,888.9415352,1227.21836,0,0.138277072,193.2430632,159.4578523,839142.63
D:\Niklas\data\TO DO\4_To plot\2024_06_07_#3_stage37.5_WT\files and labfile,force-save-2024.06.07-15.24.00.822.mat,2.65E-06,9.97E-09,406.8264,2.3419,4915,8.41E-19,5.23E-05,0.148,-0.0031765,0.003292,1.00E-08,4.183767818,7.24E-08,0.033,1.86E-05,3,,NaN,NaN,WT,37.5,909.8569498,1227.239872,0,0.161253654,433.2027379,378.1287016,839142.63
D:\Niklas\data\TO DO\4_To plot\2024_06_07_#3_stage37.5_WT\files and labfile,force-save-2024.06.07-15.24.21.878.mat,3.23E-06,1.01E-08,292.855,1.6858,8241,6.70E-18,1.85E-05,0.1775,-0.0031521,0.0032972,1.00E-08,4.183767818,7.24E-08,0.033,1.86E-05,3,,NaN,NaN,WT,37.5,909.8695428,1206.224227,0,0.103773058,180.8534176,105.5695328,839142.63
D:\Niklas\data\TO DO\4_To plot\2024_06_07_#3_stage37.5_WT\files and labfile,force-save-2024.06.07-15.24.37.795.mat,7.74E-06,9.97E-09,79.7207,0.45892,5672,2.27E-18,4.47E-05,0.4025,-0.0031276,0.0033025,1.00E-08,4.183767818,7.24E-08,0.033,1.86E-05,3,,NaN,NaN,WT,37.5,909.8177849,1185.111776,0,0.234319508,94.70233424,63.67554053,839142.63
D:\Niklas\data\TO DO\4_To plot\2024_06_07_#3_stage37.5_WT\files and labfile,force-save-2024.06.07-15.24.59.956.mat,3.98E-06,1.01E-08,223.6984,1.2877,8037,3.23E-18,2.05E-05,0.215,-0.0031032,0.0033077,1.00E-08,4.183767818,7.24E-08,0.033,1.86E-05,3,,NaN,NaN,WT,37.5,909.8303779,1164.096131,0,0.266519536,222.6932645,221.0571801,839142.63
D:\Niklas\data\TO DO\4_To plot\2024_06_07_#3_stage37.5_WT\files and labfile,force-save-2024.06.07-15.25.16.690.mat,3.80E-06,1.00E-08,235.2156,1.354,8182,5.16E-19,1.96E-05,0.206,-0.0030787,0.0033129,1.00E-08,4.183767818,7.24E-08,0.033,1.86E-05,3,,NaN,NaN,WT,37.5,909.8604647,1142.997247,0,0.16651391,244.9816712,194.1509392,839142.63
D:\Niklas\data\TO DO\4_To plot\2024_06_07_#3_stage37.5_WT\files and labfile,force-save-2024.06.07-15.25.31.806.mat,4.56E-06,9.98E-09,176.8188,1.0179,4561,1.01E-18,5.58E-05,0.2435,-0.0030543,0.0033182,1.00E-08,4.183767818,7.24E-08,0.033,1.86E-05,3,,NaN,NaN,WT,37.5,909.7912129,1121.968035,0,0.146872595,159.1932645,114.015364,839142.63
D:\Niklas\data\TO DO\4_To plot\2024_06_07_#3_stage37.5_WT\files and labfile,force-save-2024.06.07-15.25.46.050.mat,4.04E-06,9.96E-09,212.0894,1.2209,5744,5.35E-19,4.40E-05,0.2175,-0.0030298,0.0033234,1.00E-08,4.183767818,7.24E-08,0.033,1.86E-05,3,,NaN,NaN,WT,37.5,909.8212998,1100.869152,0,0.190874066,217.9942604,173.5032707,839142.63
D:\Niklas\data\TO DO\4_To plot\2024_06_07_#3_stage37.5_WT\files and labfile,force-save-2024.06.07-15.26.01.217.mat,3.52E-06,9.96E-09,260.3334,1.4986,5554,9.01E-19,4.59E-05,0.1915,-0.0030054,0.0033286,1.00E-08,4.183767818,7.24E-08,0.033,1.86E-05,3,,NaN,NaN,WT,37.5,909.8338928,1079.853507,0,0.168414924,240.7783758,182.1315013,839142.63
D:\Niklas\data\TO DO\4_To plot\2024_06_07_#3_stage37.5_WT\files and labfile,force-save-2024.06.07-15.26.15.625.mat,5.50E-06,9.98E-09,132.4144,0.76225,5167,2.44E-18,4.98E-05,0.2905,-0.0029809,0.0033338,1.00E-08,4.183767818,7.24E-08,0.033,1.86E-05,3,,NaN,NaN,WT,37.5,909.8639797,1058.754623,0,0.179055056,134.0325654,94.05148511,839142.63
D:\Niklas\data\TO DO\4_To plot\2024_06_07_#3_stage37.5_WT\files and labfile,force-save-2024.06.07-15.26.30.044.mat,7.28E-06,9.99E-09,87.2804,0.50243,4841,2.67E-18,5.31E-05,0.3795,-0.0029565,0.0033391,1.00E-08,4.183767818,7.24E-08,0.033,1.86E-05,3,,NaN,NaN,WT,37.5,909.7947279,1037.725411,0,0.176090891,90.39698898,61.43119636,839142.63
D:\Niklas\data\TO DO\4_To plot\2024_06_07_#3_stage37.5_WT\files and labfile,force-save-2024.06.07-15.27.02.366.mat,3.23E-06,9.99E-09,302.487,1.7413,6127,7.68E-19,4.03E-05,0.177,-0.0029076,0.0033495,1.00E-08,4.183767818,7.24E-08,0.033,1.86E-05,3,,NaN,NaN,WT,37.5,909.8374077,995.6108821,0,0.187744529,305.5526247,298.2909176,839142.63
D:\Niklas\data\TO DO\4_To plot\2024_06_07_#3_stage37.5_WT\files and labfile,force-save-2024.06.07-15.27.17.314.mat,3.40E-06,1.00E-08,278.9194,1.6056,6270,4.05E-19,3.88E-05,0.1855,-0.0028831,0.0033547,1.00E-08,4.183767818,7.24E-08,0.033,1.86E-05,3,,NaN,NaN,WT,37.5,909.8674946,974.5119985,0,0.164545186,305.7220032,250.256271,839142.63
D:\Niklas\data\TO DO\4_To plot\2024_06_07_#3_stage37.5_WT\files and labfile,force-save-2024.06.07-15.27.32.606.mat,3.50E-06,1.00E-08,264.0602,1.5201,6991,5.78E-19,3.16E-05,0.1905,-0.0028587,0.00336,1.00E-08,4.183767818,7.24E-08,0.033,1.86E-05,3,,NaN,NaN,WT,37.5,909.7982428,953.4827864,0,0.165584637,282.5423529,230.4297388,839142.63
D:\Niklas\data\TO DO\4_To plot\2024_06_07_#3_stage37.5_WT\files and labfile,force-save-2024.06.07-15.27.48.216.mat,3.06E-06,1.00E-08,323.3749,1.8615,6799,4.25E-19,3.35E-05,0.1685,-0.0028342,0.0033652,1.00E-08,4.183767818,7.24E-08,0.033,1.86E-05,3,,NaN,NaN,WT,37.5,909.8283297,932.3839028,0,0.143553365,316.4620469,249.6408423,839142.63
D:\Niklas\data\TO DO\4_To plot\2024_06_07_#3_stage37.5_WT\files and labfile,force-save-2024.06.07-15.28.03.526.mat,3.32E-06,1.00E-08,283.9616,1.6346,6319,5.81E-19,3.83E-05,0.1815,-0.0028098,0.0033704,1.00E-08,4.183767818,7.24E-08,0.033,1.86E-05,3,,NaN,NaN,WT,37.5,909.8409226,911.3682576,0,0.178110107,290.0447547,237.317593,839142.63
D:\Niklas\data\TO DO\4_To plot\2024_06_07_#3_stage37.5_WT\files and labfile,force-save-2024.06.07-15.28.18.795.mat,3.18E-06,1.00E-08,304.2881,1.7516,6261,5.82E-19,3.89E-05,0.1745,-0.0027854,0.0033756,1.00E-08,4.183767818,7.24E-08,0.033,1.86E-05,3,,NaN,NaN,WT,37.5,909.8535156,890.3526124,0,0.15541468,314.2159798,260.0513584,839142.63
D:\Niklas\data\TO DO\4_To plot\2024_06_07_#3_stage37.5_WT\files and labfile,force-save-2024.06.07-15.28.35.228.mat,2.28E-06,1.00E-08,511.5415,2.9447,5972,5.16E-19,4.18E-05,0.1295,-0.0027609,0.0033809,1.00E-08,4.183767818,7.24E-08,0.033,1.86E-05,3,,NaN,NaN,WT,37.5,909.8017577,869.2401619,0,0.174857119,491.3640781,482.5247001,839142.63
D:\Niklas\data\TO DO\4_To plot\2024_06_07_#3_stage37.5_WT\files and labfile,force-save-2024.06.07-15.28.49.713.mat,2.45E-06,1.00E-08,459.2968,2.644,5613,4.68E-19,4.54E-05,0.138,-0.0027365,0.0033861,1.00E-08,4.183767818,7.24E-08,0.033,1.86E-05,3,,NaN,NaN,WT,37.5,909.8143507,848.2245167,0,0.133429257,478.3418422,435.9191246,839142.63
D:\Niklas\data\TO DO\4_To plot\2024_06_07_#3_stage37.5_WT\files and labfile,force-save-2024.06.07-15.29.19.398.mat,6.46E-06,1.00E-08,105.8728,0.60946,6286,1.08E-18,3.87E-05,0.3385,-0.0026876,0.0033965,1.00E-08,4.183767818,7.24E-08,0.033,1.86E-05,3,,NaN,NaN,WT,37.5,909.8570305,806.109988,0,NaN,NaN,NaN,839142.63
D:\Niklas\data\TO DO\4_To plot\2024_06_07_#3_stage37.5_WT\files and labfile,force-save-2024.06.07-15.29.33.713.mat,4.24E-06,9.99E-09,197.7497,1.1384,4455,3.33E-19,5.70E-05,0.2275,-0.0026835,0.0033719,1.00E-08,4.183767818,7.24E-08,0.033,1.86E-05,3,,NaN,NaN,WT,37.5,930.7080943,806.0346948,0,0.138324704,235.577834,194.7772932,839142.63
D:\Niklas\data\TO DO\4_To plot\2024_06_07_#3_stage37.5_WT\files and labfile,force-save-2024.06.07-15.29.54.965.mat,3.12E-06,1.01E-08,302.9817,1.7441,8230,3.54E-17,1.88E-05,0.172,-0.002708,0.0033666,1.00E-08,4.183767818,7.24E-08,0.033,1.86E-05,3,,NaN,NaN,WT,37.5,930.7598522,827.1471454,0,0.158964094,387.2097085,361.5082066,839142.63
D:\Niklas\data\TO DO\4_To plot\2024_06_07_#3_stage37.5_WT\files and labfile,force-save-2024.06.07-15.30.10.348.mat,2.91E-06,1.00E-08,334.0608,1.923,7717,3.66E-17,2.43E-05,0.1615,-0.0027324,0.0033614,1.00E-08,4.183767818,7.24E-08,0.033,1.86E-05,3,,NaN,NaN,WT,37.5,930.7472592,848.1627906,0,0.183736752,413.7296291,401.6339051,839142.63
D:\Niklas\data\TO DO\4_To plot\2024_06_07_#3_stage37.5_WT\files and labfile,force-save-2024.06.07-15.30.24.700.mat,2.35E-06,1.00E-08,483.6241,2.784,4661,3.47E-19,5.49E-05,0.133,-0.0027569,0.0033562,1.00E-08,4.183767818,7.24E-08,0.033,1.86E-05,3,,NaN,NaN,WT,37.5,930.7171724,869.2616741,0,0.179073757,471.6060414,429.4326987,839142.63
D:\Niklas\data\TO DO\4_To plot\2024_06_07_#3_stage37.5_WT\files and labfile,force-save-2024.06.07-15.30.38.319.mat,2.52E-06,9.97E-09,431.9983,2.4868,4176,1.64E-19,5.98E-05,0.1415,-0.0027813,0.003351,1.00E-08,4.183767818,7.24E-08,0.033,1.86E-05,3,,NaN,NaN,WT,37.5,930.7045794,890.2773193,0,0.169532153,405.4645053,358.1770153,839142.63
D:\Niklas\data\TO DO\4_To plot\2024_06_07_#3_stage37.5_WT\files and labfile,force-save-2024.06.07-15.30.58.671.mat,3.09E-06,1.01E-08,305.3351,1.7577,8142,1.37E-17,1.97E-05,0.17,-0.0028058,0.0033457,1.00E-08,4.183767818,7.24E-08,0.033,1.86E-05,3,,NaN,NaN,WT,37.5,930.7563373,911.3897699,0,0.194394431,336.3024043,291.631431,839142.63
D:\Niklas\data\TO DO\4_To plot\2024_06_07_#3_stage37.5_WT\files and labfile,force-save-2024.06.07-15.31.14.911.mat,4.95E-06,1.00E-08,157.0498,0.90406,7038,9.88E-19,3.12E-05,0.2635,-0.0028302,0.0033405,1.00E-08,4.183767818,7.24E-08,0.033,1.86E-05,3,,NaN,NaN,WT,37.5,930.7437443,932.405415,0,0.19471489,167.9389422,130.6044753,839142.63
D:\Niklas\data\TO DO\4_To plot\2024_06_07_#3_stage37.5_WT\files and labfile,force-save-2024.06.07-15.31.37.539.mat,3.12E-06,1.01E-08,292.4104,1.6833,8225,4.61E-17,1.87E-05,0.172,-0.0028547,0.0033353,1.00E-08,4.183767818,7.24E-08,0.033,1.86E-05,3,,NaN,NaN,WT,37.5,930.7136574,953.5042986,0,0.175521727,398.1461047,345.2782895,839142.63
D:\Niklas\data\TO DO\4_To plot\2024_06_07_#3_stage37.5_WT\files and labfile,force-save-2024.06.07-15.31.53.037.mat,4.24E-06,9.97E-09,196.0032,1.1283,6561,8.71E-19,3.59E-05,0.2275,-0.0028791,0.0033301,1.00E-08,4.183767818,7.24E-08,0.033,1.86E-05,3,,NaN,NaN,WT,37.5,930.7010645,974.5199438,0,0.169084629,216.5916809,170.1858308,839142.63
D:\Niklas\data\TO DO\4_To plot\2024_06_07_#3_stage37.5_WT\files and labfile,force-save-2024.06.07-15.32.15.278.mat,3.12E-06,1.01E-08,307.3374,1.7692,8215,2.12E-17,1.88E-05,0.1715,-0.0029036,0.0033248,1.00E-08,4.183767818,7.24E-08,0.033,1.86E-05,3,,NaN,NaN,WT,37.5,930.7528223,995.6323943,0,0.17081216,368.3613361,336.5041665,839142.63
D:\Niklas\data\TO DO\4_To plot\2024_06_07_#3_stage37.5_WT\files and labfile,force-save-2024.06.07-15.32.31.180.mat,3.44E-06,1.00E-08,270.6604,1.5581,7348,5.31E-19,2.81E-05,0.1875,-0.002928,0.0033196,1.00E-08,4.183767818,7.24E-08,0.033,1.86E-05,3,,NaN,NaN,WT,37.5,930.7402294,1016.64804,0,0.157021566,273.3880483,219.5228413,839142.63
D:\Niklas\data\TO DO\4_To plot\2024_06_07_#3_stage37.5_WT\files and labfile,force-save-2024.06.07-15.32.45.438.mat,2.85E-06,9.98E-09,360.2059,2.0735,3986,1.62E-19,6.17E-05,0.158,-0.0029525,0.0033144,1.00E-08,4.183767818,7.24E-08,0.033,1.86E-05,3,,NaN,NaN,WT,37.5,930.7101425,1037.746923,0,0.139218737,328.8671296,278.5911999,839142.63
D:\Niklas\data\TO DO\4_To plot\2024_06_07_#3_stage37.5_WT\files and labfile,force-save-2024.06.07-15.33.20.875.mat,8.63E-06,9.60E-09,64.0546,0.36873,7422,1.43E-17,2.69E-05,0.4465,-0.0030014,0.0033039,1.00E-08,4.183767818,7.24E-08,0.033,1.86E-05,3,,NaN,NaN,WT,37.5,930.7493074,1079.875019,0,NaN,NaN,NaN,839142.63
D:\Niklas\data\TO DO\4_To plot\2024_06_07_#3_stage37.5_WT\files and labfile,force-save-2024.06.07-15.33.37.516.mat,7.10E-06,9.98E-09,89.6879,0.51629,7463,2.53E-18,2.70E-05,0.3705,-0.0030258,0.0032987,1.00E-08,4.183767818,7.24E-08,0.033,1.86E-05,3,,NaN,NaN,WT,37.5,930.7367145,1100.890664,0,0.172486561,101.8005671,68.18877916,839142.63
D:\Niklas\data\TO DO\4_To plot\2024_06_07_#3_stage37.5_WT\files and labfile,force-save-2024.06.07-15.33.51.600.mat,8.64E-06,9.96E-09,67.1978,0.38683,3549,2.55E-18,6.61E-05,0.4475,-0.0030503,0.0032935,1.00E-08,4.183767818,7.24E-08,0.033,1.86E-05,3,,NaN,NaN,WT,37.5,930.7066276,1121.989548,0,0.188576909,82.18526758,53.31672643,839142.63
D:\Niklas\data\TO DO\4_To plot\2024_06_07_#3_stage37.5_WT\files and labfile,force-save-2024.06.07-15.34.05.930.mat,9.08E-06,9.96E-09,61.1565,0.35205,4430,8.70E-18,5.73E-05,0.4695,-0.0030747,0.0032883,1.00E-08,4.183767818,7.24E-08,0.033,1.86E-05,3,,NaN,NaN,WT,37.5,930.6940346,1143.005193,0,0.149392112,74.86550557,48.38380847,839142.63
D:\Niklas\data\TO DO\4_To plot\2024_06_07_#3_stage37.5_WT\files and labfile,force-save-2024.06.07-15.34.21.829.mat,6.92E-06,9.96E-09,93.5105,0.5383,4962,2.91E-18,5.20E-05,0.3615,-0.0030992,0.003283,1.00E-08,4.183767818,7.24E-08,0.033,1.86E-05,3,,NaN,NaN,WT,37.5,930.7457925,1164.117643,0,0.173208438,101.6650532,68.78132248,839142.63
D:\Niklas\data\TO DO\4_To plot\2024_06_07_#3_stage37.5_WT\files and labfile,force-save-2024.06.07-15.34.36.439.mat,7.54E-06,9.93E-09,81.6872,0.47024,4698,5.97E-18,5.47E-05,0.3925,-0.0031236,0.0032778,1.00E-08,4.183767818,7.24E-08,0.033,1.86E-05,3,,NaN,NaN,WT,37.5,930.7331995,1185.133288,0,0.16895332,86.65546816,56.61897913,839142.63
D:\Niklas\data\TO DO\4_To plot\2024_06_07_#3_stage37.5_WT\files and labfile,force-save-2024.06.07-15.34.51.511.mat,3.67E-06,9.94E-09,245.5881,1.4137,5977,1.64E-18,4.19E-05,0.199,-0.003148,0.0032726,1.00E-08,4.183767818,7.24E-08,0.033,1.86E-05,3,,NaN,NaN,WT,37.5,930.7206066,1206.148934,0,0.162792434,251.653066,207.332231,839142.63
D:\Niklas\data\TO DO\4_To plot\2024_06_07_#3_stage37.5_WT\files and labfile,force-save-2024.06.07-15.35.05.114.mat,7.58E-06,9.93E-09,81.5522,0.46946,3381,2.42E-18,6.79E-05,0.3945,-0.0031196,0.0032531,1.00E-08,4.183767818,7.24E-08,0.033,1.86E-05,3,,NaN,NaN,WT,37.5,951.6486142,1185.154801,0,0.177867842,90.25880446,60.11504838,839142.63
D:\Niklas\data\TO DO\4_To plot\2024_06_07_#3_stage37.5_WT\files and labfile,force-save-2024.06.07-15.35.19.343.mat,6.82E-06,9.88E-09,94.3548,0.54316,3249,2.57E-18,6.92E-05,0.3565,-0.0030951,0.0032584,1.00E-08,4.183767818,7.24E-08,0.033,1.86E-05,3,,NaN,NaN,WT,37.5,951.5968563,1164.04235,0,0.180768344,100.8588031,66.71708611,839142.63
D:\Niklas\data\TO DO\4_To plot\2024_06_07_#3_stage37.5_WT\files and labfile,force-save-2024.06.07-15.35.33.797.mat,7.80E-06,9.92E-09,77.6063,0.44674,3615,5.78E-18,6.56E-05,0.4055,-0.0030707,0.0032636,1.00E-08,4.183767818,7.24E-08,0.033,1.86E-05,3,,NaN,NaN,WT,37.5,951.6094493,1143.026705,0,0.145593005,81.69314525,51.62306797,839142.63
D:\Niklas\data\TO DO\4_To plot\2024_06_07_#3_stage37.5_WT\files and labfile,force-save-2024.06.07-15.35.47.251.mat,1.12E-05,9.88E-09,44.5338,0.25636,2812,5.86E-18,7.36E-05,0.5775,-0.0030462,0.0032688,1.00E-08,4.183767818,7.24E-08,0.033,1.86E-05,3,,NaN,NaN,WT,37.5,951.6395362,1121.927821,0,0.156421798,54.304036,33.19309484,839142.63
D:\Niklas\data\TO DO\4_To plot\2024_06_07_#3_stage37.5_WT\files and labfile,force-save-2024.06.07-15.36.01.253.mat,1.27E-05,9.91E-09,37.9845,0.21866,3073,5.09E-18,7.11E-05,0.6505,-0.0030218,0.003274,1.00E-08,4.183767818,7.24E-08,0.033,1.86E-05,3,,NaN,NaN,WT,37.5,951.6521291,1100.912176,0,0.155278739,45.04227818,27.59617004,839142.63
D:\Niklas\data\TO DO\4_To plot\2024_06_07_#3_stage37.5_WT\files and labfile,force-save-2024.06.07-15.36.16.077.mat,1.86E-05,9.93E-09,21.2502,0.12233,3630,1.32E-18,6.55E-05,0.9465,-0.0029973,0.0032793,1.00E-08,4.183767818,7.24E-08,0.033,1.86E-05,3,,NaN,NaN,WT,37.5,951.6003712,1079.799726,0,0.155657106,29.42632437,17.97287103,839142.63
D:\Niklas\data\TO DO\4_To plot\2024_06_07_#3_stage37.5_WT\files and labfile,force-save-2024.06.07-15.36.31.745.mat,2.90E-06,9.97E-09,347.6601,2.0013,5824,5.08E-19,4.36E-05,0.1605,-0.0029729,0.0032845,1.00E-08,4.183767818,7.24E-08,0.033,1.86E-05,3,,NaN,NaN,WT,37.5,951.6129642,1058.78408,0,0.125000031,317.6033712,255.6698887,839142.63
D:\Niklas\data\TO DO\4_To plot\2024_06_07_#3_stage37.5_WT\files and labfile,force-save-2024.06.07-15.36.46.400.mat,2.71E-06,9.96E-09,389.627,2.2429,5317,3.76E-19,4.86E-05,0.151,-0.0029484,0.0032897,1.00E-08,4.183767818,7.24E-08,0.033,1.86E-05,3,,NaN,NaN,WT,37.5,951.6430511,1037.685197,0,0.141629104,414.4038941,356.3918155,839142.63
D:\Niklas\data\TO DO\4_To plot\2024_06_07_#3_stage37.5_WT\files and labfile,force-save-2024.06.07-15.37.01.427.mat,3.18E-06,9.99E-09,306.5631,1.7647,5880,4.19E-19,4.30E-05,0.1745,-0.002924,0.0032949,1.00E-08,4.183767818,7.24E-08,0.033,1.86E-05,3,,NaN,NaN,WT,37.5,951.655644,1016.669552,0,0.171493388,320.9731634,277.2280849,839142.63
D:\Niklas\data\TO DO\4_To plot\2024_06_07_#3_stage37.5_WT\files and labfile,force-save-2024.06.07-15.37.16.412.mat,3.64E-06,9.98E-09,247.1595,1.4228,6060,3.31E-18,4.12E-05,0.1975,-0.0028995,0.0033002,1.00E-08,4.183767818,7.24E-08,0.033,1.86E-05,3,,NaN,NaN,WT,37.5,951.6038862,995.5571012,0,0.12149092,124.4537637,62.96888759,839142.63
D:\Niklas\data\TO DO\4_To plot\2024_06_07_#3_stage37.5_WT\files and labfile,force-save-2024.06.07-15.37.31.725.mat,4.01E-06,9.97E-09,214.476,1.2346,6904,3.75E-19,3.27E-05,0.216,-0.0028751,0.0033054,1.00E-08,4.183767818,7.24E-08,0.033,1.86E-05,3,,NaN,NaN,WT,37.5,951.6164791,974.541456,0,0.19040272,226.3415134,185.3345364,839142.63
D:\Niklas\data\TO DO\4_To plot\2024_06_07_#3_stage37.5_WT\files and labfile,force-save-2024.06.07-15.37.48.436.mat,2.80E-06,9.98E-09,365.1267,2.1019,6740,6.86E-19,3.44E-05,0.1555,-0.0028507,0.0033106,1.00E-08,4.183767818,7.24E-08,0.033,1.86E-05,3,,NaN,NaN,WT,37.5,951.6290721,953.5258108,0,0.170500573,336.0735528,283.6459958,839142.63
D:\Niklas\data\TO DO\4_To plot\2024_06_07_#3_stage37.5_WT\files and labfile,force-save-2024.06.07-15.38.03.623.mat,3.42E-06,9.99E-09,271.4908,1.5628,6185,1.12E-18,3.99E-05,0.1865,-0.0028262,0.0033158,1.00E-08,4.183767818,7.24E-08,0.033,1.86E-05,3,,NaN,NaN,WT,37.5,951.659159,932.4269273,0,0.17379971,246.8522844,194.9177415,839142.63
D:\Niklas\data\TO DO\4_To plot\2024_06_07_#3_stage37.5_WT\files and labfile,force-save-2024.06.07-15.38.18.604.mat,3.76E-06,9.98E-09,233.2092,1.3425,5451,1.38E-18,4.72E-05,0.2035,-0.0028018,0.0033211,1.00E-08,4.183767818,7.24E-08,0.033,1.86E-05,3,,NaN,NaN,WT,37.5,951.5899072,911.3977151,0,0.192365297,223.8880244,176.048946,839142.63
D:\Niklas\data\TO DO\4_To plot\2024_06_07_#3_stage37.5_WT\files and labfile,force-save-2024.06.07-15.38.33.064.mat,2.88E-06,9.98E-09,350.2981,2.0165,5954,7.56E-19,4.22E-05,0.1595,-0.0027773,0.0033263,1.00E-08,4.183767818,7.24E-08,0.033,1.86E-05,3,,NaN,NaN,WT,37.5,951.619994,890.2988315,0,0.161117855,319.9636876,268.8572634,839142.63
D:\Niklas\data\TO DO\4_To plot\2024_06_07_#3_stage37.5_WT\files and labfile,force-save-2024.06.07-15.38.48.227.mat,2.85E-06,9.99E-09,360.5917,2.0758,5218,2.39E-19,4.96E-05,0.158,-0.0027529,0.0033315,1.00E-08,4.183767818,7.24E-08,0.033,1.86E-05,3,,NaN,NaN,WT,37.5,951.632587,869.2831864,0,0.17014395,371.9456214,338.0690123,839142.63
D:\Niklas\data\TO DO\4_To plot\2024_06_07_#3_stage37.5_WT\files and labfile,force-save-2024.06.07-15.39.03.127.mat,2.99E-06,1.00E-08,339.6691,1.9553,5153,3.44E-19,5.02E-05,0.165,-0.0027284,0.0033367,1.00E-08,4.183767818,7.24E-08,0.033,1.86E-05,3,,NaN,NaN,WT,37.5,951.6626739,848.1843028,0,0.169155074,352.4867905,324.6512635,839142.63
D:\Niklas\data\TO DO\4_To plot\2024_06_07_#3_stage37.5_WT\files and labfile,force-save-2024.06.07-15.39.18.132.mat,3.88E-06,1.00E-08,228.3628,1.3146,5738,3.72E-19,4.44E-05,0.2095,-0.002704,0.003342,1.00E-08,4.183767818,7.24E-08,0.033,1.86E-05,3,,NaN,NaN,WT,37.5,951.5934221,827.1550906,0,0.168274455,240.5904162,210.1330724,839142.63
D:\Niklas\data\TO DO\4_To plot\2024_06_07_#3_stage37.5_WT\files and labfile,force-save-2024.06.07-15.39.33.643.mat,3.80E-06,1.00E-08,231.7901,1.3343,6066,3.77E-18,4.11E-05,0.2055,-0.0026795,0.0033472,1.00E-08,4.183767818,7.24E-08,0.033,1.86E-05,3,,NaN,NaN,WT,37.5,951.623509,806.0562071,0,0.103946081,237.2554483,173.4434726,839142.63
D:\Niklas\data\TO DO\4_To plot\2024_06_07_#3_stage37.5_WT\files and labfile,force-save-2024.06.07-15.39.48.684.mat,4.57E-06,1.00E-08,181.44,1.0445,5392,2.95E-18,4.79E-05,0.244,-0.0026755,0.0033225,1.00E-08,4.183767818,7.24E-08,0.033,1.86E-05,3,,NaN,NaN,WT,37.5,972.5389236,806.0777193,0,0.184289107,192.2854288,180.3197912,839142.63
D:\Niklas\data\TO DO\4_To plot\2024_06_07_#3_stage37.5_WT\files and labfile,force-save-2024.06.07-15.40.10.280.mat,3.33E-06,1.01E-08,290.9962,1.6751,8186,1.74E-18,1.93E-05,0.1825,-0.0026999,0.0033173,1.00E-08,4.183767818,7.24E-08,0.033,1.86E-05,3,,NaN,NaN,WT,37.5,972.5263307,827.0933645,0,0.170121682,302.3944438,286.4832318,839142.63
D:\Niklas\data\TO DO\4_To plot\2024_06_07_#3_stage37.5_WT\files and labfile,force-save-2024.06.07-15.40.26.276.mat,3.04E-06,9.99E-09,329.4176,1.8963,7756,5.71E-19,2.41E-05,0.1675,-0.0027244,0.0033121,1.00E-08,4.183767818,7.24E-08,0.033,1.86E-05,3,,NaN,NaN,WT,37.5,972.4962438,848.192248,0,0.172318365,345.8931068,313.338482,839142.63
D:\Niklas\data\TO DO\4_To plot\2024_06_07_#3_stage37.5_WT\files and labfile,force-save-2024.06.07-15.40.41.074.mat,2.94E-06,9.97E-09,343.1101,1.9751,4606,3.29E-19,5.56E-05,0.1625,-0.0027488,0.0033068,1.00E-08,4.183767818,7.24E-08,0.033,1.86E-05,3,,NaN,NaN,WT,37.5,972.5654956,869.2214602,0,0.158119528,359.7955045,319.4583649,839142.63
D:\Niklas\data\TO DO\4_To plot\2024_06_07_#3_stage37.5_WT\files and labfile,force-save-2024.06.07-15.40.54.480.mat,4.10E-06,9.96E-09,206.8962,1.191,4068,1.20E-18,6.10E-05,0.2205,-0.0027733,0.0033016,1.00E-08,4.183767818,7.24E-08,0.033,1.86E-05,3,,NaN,NaN,WT,37.5,972.5354087,890.3203438,0,0.195929439,201.8616566,154.0960081,839142.63
D:\Niklas\data\TO DO\4_To plot\2024_06_07_#3_stage37.5_WT\files and labfile,force-save-2024.06.07-15.41.08.651.mat,5.04E-06,9.95E-09,150.2645,0.865,3573,2.56E-18,6.60E-05,0.2675,-0.0027977,0.0032964,1.00E-08,4.183767818,7.24E-08,0.033,1.86E-05,3,,NaN,NaN,WT,37.5,972.5228157,911.335989,0,0.170592503,144.1416244,103.0052637,839142.63
D:\Niklas\data\TO DO\4_To plot\2024_06_07_#3_stage37.5_WT\files and labfile,force-save-2024.06.07-15.41.21.691.mat,4.04E-06,9.91E-09,210.126,1.2096,3037,9.61E-19,7.14E-05,0.2175,-0.0028222,0.0032912,1.00E-08,4.183767818,7.24E-08,0.033,1.86E-05,3,,NaN,NaN,WT,37.5,972.4927288,932.4348725,0,NaN,NaN,NaN,839142.63
D:\Niklas\data\TO DO\4_To plot\2024_06_07_#3_stage37.5_WT\files and labfile,force-save-2024.06.07-15.41.45.326.mat,4.17E-06,9.97E-09,204.0597,1.1747,6659,4.41E-19,3.51E-05,0.224,-0.0028466,0.0032859,1.00E-08,4.183767818,7.24E-08,0.033,1.86E-05,3,,NaN,NaN,WT,37.5,972.5619807,953.4640847,0,0.159415887,235.6321335,193.5408744,839142.63
D:\Niklas\data\TO DO\4_To plot\2024_06_07_#3_stage37.5_WT\files and labfile,force-save-2024.06.07-15.41.59.326.mat,3.83E-06,9.94E-09,228.505,1.3154,3690,4.89E-19,6.48E-05,0.207,-0.0028711,0.0032807,1.00E-08,4.183767818,7.24E-08,0.033,1.86E-05,3,,NaN,NaN,WT,37.5,972.5318938,974.5629682,0,0.188749379,247.1746635,221.8320092,839142.63
D:\Niklas\data\TO DO\4_To plot\2024_06_07_#3_stage37.5_WT\files and labfile,force-save-2024.06.07-15.42.20.084.mat,9.51E-06,1.00E-08,59.0977,0.3402,7296,9.72E-19,2.84E-05,0.491,-0.0028955,0.0032755,1.00E-08,4.183767818,7.24E-08,0.033,1.86E-05,3,,NaN,NaN,WT,37.5,972.5193008,995.5786134,0,0.182216088,76.87996503,54.17780511,839142.63
D:\Niklas\data\TO DO\4_To plot\2024_06_07_#3_stage37.5_WT\files and labfile,force-save-2024.06.07-15.42.36.425.mat,4.12E-06,9.96E-09,197.3538,1.1361,7286,1.39E-17,2.89E-05,0.2215,-0.00292,0.0032703,1.00E-08,4.183767818,7.24E-08,0.033,1.86E-05,3,,NaN,NaN,WT,37.5,972.4892139,1016.677497,0,0.104648336,136.6185299,75.76247559,839142.63
D:\Niklas\data\TO DO\4_To plot\2024_06_07_#3_stage37.5_WT\files and labfile,force-save-2024.06.07-15.42.50.233.mat,3.93E-06,9.92E-09,215.7313,1.2419,3817,2.28E-18,6.35E-05,0.212,-0.0029444,0.003265,1.00E-08,4.183767818,7.24E-08,0.033,1.86E-05,3,,NaN,NaN,WT,37.5,972.5584657,1037.706709,0,0.147547685,247.7224048,190.8453645,839142.63
D:\Niklas\data\TO DO\4_To plot\2024_06_07_#3_stage37.5_WT\files and labfile,force-save-2024.06.07-15.43.42.061.mat,1.67E-05,9.95E-09,24.4733,0.14088,5560,7.98E-18,4.61E-05,0.8525,-0.0030178,0.0032494,1.00E-08,4.183767818,7.24E-08,0.033,1.86E-05,3,,NaN,NaN,WT,37.5,972.485699,1100.920121,0,0.125892562,34.53559513,20.96268992,839142.63
D:\Niklas\data\TO DO\4_To plot\2024_06_07_#3_stage37.5_WT\files and labfile,force-save-2024.06.07-15.43.56.824.mat,1.05E-05,9.89E-09,49.2448,0.28348,3838,8.03E-18,6.33E-05,0.5385,-0.0030422,0.0032441,1.00E-08,4.183767818,7.24E-08,0.033,1.86E-05,3,,NaN,NaN,WT,37.5,972.5549508,1121.949334,0,0.14050648,56.53562084,33.66134142,839142.63
D:\Niklas\data\TO DO\4_To plot\2024_06_07_#3_stage37.5_WT\files and labfile,force-save-2024.06.07-15.44.10.834.mat,7.72E-06,9.89E-09,78.3376,0.45095,4801,7.24E-18,5.37E-05,0.4015,-0.0030667,0.0032389,1.00E-08,4.183767818,7.24E-08,0.033,1.86E-05,3,,NaN,NaN,WT,37.5,972.5248639,1143.048217,0,0.157936876,81.65992852,51.65412473,839142.63
D:\Niklas\data\TO DO\4_To plot\2024_06_07_#3_stage37.5_WT\files and labfile,force-save-2024.06.07-15.44.25.247.mat,7.14E-06,9.88E-09,88.9437,0.51201,4362,2.86E-18,5.82E-05,0.3725,-0.0030911,0.0032337,1.00E-08,4.183767818,7.24E-08,0.033,1.86E-05,3,,NaN,NaN,WT,37.5,972.512271,1164.063862,0,0.179306581,90.23171806,58.05726793,839142.63
D:\Niklas\data\TO DO\4_To plot\2024_06_07_#3_stage37.5_WT\files and labfile,force-save-2024.06.07-15.44.40.246.mat,7.36E-06,9.93E-09,85.4393,0.49183,4945,1.65E-18,5.24E-05,0.3835,-0.0030626,0.0032142,1.00E-08,4.183767818,7.24E-08,0.033,1.86E-05,3,,NaN,NaN,WT,37.5,993.4577725,1142.986491,0,0.167186906,90.8227148,60.38501366,839142.63
D:\Niklas\data\TO DO\4_To plot\2024_06_07_#3_stage37.5_WT\files and labfile,force-save-2024.06.07-15.44.55.129.mat,7.56E-06,9.90E-09,81.0328,0.46647,3977,5.31E-18,6.21E-05,0.3935,-0.0030382,0.0032195,1.00E-08,4.183767818,7.24E-08,0.033,1.86E-05,3,,NaN,NaN,WT,37.5,993.3885207,1121.957279,0,0.155856609,82.99738917,51.92503529,839142.63
D:\Niklas\data\TO DO\4_To plot\2024_06_07_#3_stage37.5_WT\files and labfile,force-save-2024.06.07-15.45.09.856.mat,9.58E-06,9.91E-09,56.7897,0.32691,4301,9.17E-18,5.88E-05,0.4945,-0.0030137,0.0032247,1.00E-08,4.183767818,7.24E-08,0.033,1.86E-05,3,,NaN,NaN,WT,37.5,993.4186076,1100.858395,0,0.182527695,52.34112903,29.87780966,839142.63
D:\Niklas\data\TO DO\4_To plot\2024_06_07_#3_stage37.5_WT\files and labfile,force-save-2024.06.07-15.45.24.505.mat,8.02E-06,9.91E-09,72.598,0.41791,5206,1.49E-17,4.98E-05,0.4165,-0.0029893,0.0032299,1.00E-08,4.183767818,7.24E-08,0.033,1.86E-05,3,,NaN,NaN,WT,37.5,993.4312005,1079.84275,0,NaN,NaN,NaN,839142.63
D:\Niklas\data\TO DO\4_To plot\2024_06_07_#3_stage37.5_WT\files and labfile,force-save-2024.06.07-15.45.50.477.mat,3.48E-06,9.95E-09,264.2461,1.5211,4871,1.42E-18,5.16E-05,0.1895,-0.0028182,0.0032665,1.00E-08,4.183767818,7.24E-08,0.033,1.86E-05,3,,NaN,NaN,WT,37.5,993.4081435,932.4563847,0,0.162405267,280.1758001,231.0702735,839142.63
D:\Niklas\data\TO DO\4_To plot\2024_06_07_#3_stage37.5_WT\files and labfile,force-save-2024.06.07-15.46.05.089.mat,6.12E-06,9.94E-09,112.1711,0.64572,6010,2.47E-18,4.16E-05,0.3215,-0.0027937,0.0032717,1.00E-08,4.183767818,7.24E-08,0.033,1.86E-05,3,,NaN,NaN,WT,37.5,993.4382304,911.3575012,0,0.186298363,111.335079,75.66459173,839142.63
D:\Niklas\data\TO DO\4_To plot\2024_06_07_#3_stage37.5_WT\files and labfile,force-save-2024.06.07-15.46.20.169.mat,3.42E-06,9.96E-09,272.0934,1.5663,5435,4.77E-19,4.74E-05,0.1865,-0.0027693,0.0032769,1.00E-08,4.183767818,7.24E-08,0.033,1.86E-05,3,,NaN,NaN,WT,37.5,993.4508233,890.341856,0,0.179145171,260.1536629,212.1380963,839142.63
D:\Niklas\data\TO DO\4_To plot\2024_06_07_#3_stage37.5_WT\files and labfile,force-save-2024.06.07-15.46.35.418.mat,3.49E-06,9.98E-09,265.0195,1.5256,5282,5.72E-19,4.89E-05,0.19,-0.0027448,0.0032822,1.00E-08,4.183767818,7.24E-08,0.033,1.86E-05,3,,NaN,NaN,WT,37.5,993.3990655,869.2294055,0,0.19441794,265.6130836,222.0198027,839142.63
D:\Niklas\data\TO DO\4_To plot\2024_06_07_#3_stage37.5_WT\files and labfile,force-save-2024.06.07-15.46.50.067.mat,4.67E-06,9.98E-09,165.9508,0.9553,4913,8.49E-18,5.26E-05,0.249,-0.0027204,0.0032874,1.00E-08,4.183767818,7.24E-08,0.033,1.86E-05,3,,NaN,NaN,WT,37.5,993.4116584,848.2137603,0,0.171801718,204.9925854,163.4719622,839142.63
D:\Niklas\data\TO DO\4_To plot\2024_06_07_#3_stage37.5_WT\files and labfile,force-save-2024.06.07-15.47.05.705.mat,4.30E-06,9.98E-09,197.7027,1.1381,5658,1.80E-18,4.52E-05,0.2305,-0.0026959,0.0032926,1.00E-08,4.183767818,7.24E-08,0.033,1.86E-05,3,,NaN,NaN,WT,37.5,993.4417453,827.1148767,0,0.149046252,227.680125,193.3789108,839142.63
D:\Niklas\data\TO DO\4_To plot\2024_06_07_#3_stage37.5_WT\files and labfile,force-save-2024.06.07-15.47.20.445.mat,3.86E-06,9.97E-09,226.693,1.305,5481,6.87E-19,4.70E-05,0.2085,-0.0027163,0.0032627,1.00E-08,4.183767818,7.24E-08,0.033,1.86E-05,3,,NaN,NaN,WT,37.5,1014.344567,848.1520341,0,0.171478928,226.6369326,184.1445656,839142.63
D:\Niklas\data\TO DO\4_To plot\2024_06_07_#3_stage37.5_WT\files and labfile,force-save-2024.06.07-15.47.34.131.mat,3.94E-06,9.89E-09,217.3358,1.2511,3595,9.38E-19,6.59E-05,0.2125,-0.0027408,0.0032575,1.00E-08,4.183767818,7.24E-08,0.033,1.86E-05,3,,NaN,NaN,WT,37.5,1014.31448,869.2509177,0,0.17670575,213.862156,163.8803071,839142.63
D:\Niklas\data\TO DO\4_To plot\2024_06_07_#3_stage37.5_WT\files and labfile,force-save-2024.06.07-15.47.49.263.mat,4.22E-06,9.88E-09,196.8352,1.1331,3907,3.98E-19,6.28E-05,0.2265,-0.0027652,0.0032523,1.00E-08,4.183767818,7.24E-08,0.033,1.86E-05,3,,NaN,NaN,WT,37.5,1014.301887,890.2665629,0,0.18676903,199.2957087,156.7461301,839142.63
D:\Niklas\data\TO DO\4_To plot\2024_06_07_#3_stage37.5_WT\files and labfile,force-save-2024.06.07-15.48.03.277.mat,4.96E-06,9.78E-09,147.7705,0.85065,3315,6.74E-18,6.88E-05,0.2635,-0.0027897,0.003247,1.00E-08,4.183767818,7.24E-08,0.033,1.86E-05,3,,NaN,NaN,WT,37.5,1014.353645,911.3790134,0,0.140047901,128.9800974,86.99144051,839142.63
D:\Niklas\data\TO DO\4_To plot\2024_06_07_#3_stage37.5_WT\files and labfile,,NaN,NaN,NaN,NaN,NaN,NaN,NaN,NaN,-0.0028748,0.0034587,1.00E-08,4.183767818,7.24E-08,0.033,1.86E-05,3,,NaN,NaN,WT,NaN,826.200935,953.4935428,0,0.311594346,74.96716001,82.17700473,839142.63
D:\Niklas\data\TO DO\4_To plot\2024_06_07_#3_stage37.5_WT\files and labfile,,NaN,NaN,NaN,NaN,NaN,NaN,NaN,NaN,-0.002932,0.0033443,1.00E-08,4.183767818,7.24E-08,0.033,1.86E-05,3,,NaN,NaN,WT,NaN,909.8248147,1016.626527,0,0.07673725,50.96135739,31.13610428,839142.63
D:\Niklas\data\TO DO\4_To plot\2024_06_07_#3_stage37.5_WT\files and labfile,,NaN,NaN,NaN,NaN,NaN,NaN,NaN,NaN,-0.002712,0.0033913,1.00E-08,4.183767818,7.24E-08,0.033,1.86E-05,3,,NaN,NaN,WT,NaN,909.8444376,827.1256331,0,0.104357377,104.3526714,69.86123431,839142.63
D:\Niklas\data\TO DO\4_To plot\2024_06_07_#3_stage37.5_WT\files and labfile,,NaN,NaN,NaN,NaN,NaN,NaN,NaN,NaN,-0.0028222,0.0032912,1.00E-08,4.183767818,7.24E-08,0.033,1.86E-05,3,,NaN,NaN,WT,NaN,972.4927288,932.4348725,0,0.162057111,228.3506711,173.7413428,839142.63
D:\Niklas\data\TO DO\4_To plot\2024_06_07_#3_stage37.5_WT\files and labfile,,NaN,NaN,NaN,NaN,NaN,NaN,NaN,NaN,-0.0029689,0.0032598,1.00E-08,4.183767818,7.24E-08,0.033,1.86E-05,3,,NaN,NaN,WT,NaN,972.5283788,1058.805593,0,0.093255686,76.25942101,50.57997492,839142.63
